soc_code,title,n_software
11-1011.00,Chief Executives,49
11-1011.03,Chief Sustainability Officers,21
11-1021.00,General and Operations Managers,146
11-1031.00,Legislators,32
11-2011.00,Advertising and Promotions Managers,73
11-2021.00,Marketing Managers,153
11-2022.00,Sales Managers,103
11-2032.00,Public Relations Managers,66
11-2033.00,Fundraising Managers,61
11-3012.00,Administrative Services Managers,56
11-3013.00,Facilities Managers,50
11-3013.01,Security Managers,33
11-3021.00,Computer and Information Systems Managers,177
11-3031.00,Financial Managers,67
11-3031.01,Treasurers and Controllers,51
11-3031.03,Investment Fund Managers,24
11-3051.00,Industrial Production Managers,59
11-3051.01,Quality Control Systems Managers,51
11-3051.02,Geothermal Production Managers,8
11-3051.03,Biofuels Production Managers,13
11-3051.04,Biomass Power Plant Managers,10
11-3051.06,Hydroelectric Production Managers,20
11-3061.00,Purchasing Managers,37
11-3071.00,"Transportation, Storage, and Distribution Managers",108
11-3071.04,Supply Chain Managers,59
11-3111.00,Compensation and Benefits Managers,86
11-3121.00,Human Resources Managers,102
11-3131.00,Training and Development Managers,96
11-9013.00,"Farmers, Ranchers, and Other Agricultural Managers",77
11-9021.00,Construction Managers,64
11-9031.00,"Education and Childcare Administrators, Preschool and Daycare",34
11-9032.00,"Education Administrators, Kindergarten through Secondary",57
11-9033.00,"Education Administrators, Postsecondary",59
11-9041.00,Architectural and Engineering Managers,131
11-9041.01,Biofuels/Biodiesel Technology and Product Development Managers,32
11-9051.00,Food Service Managers,39
11-9071.00,Gambling Managers,8
11-9072.00,"Entertainment and Recreation Managers, Except Gambling",64
11-9081.00,Lodging Managers,29
11-9111.00,Medical and Health Services Managers,127
11-9121.00,Natural Sciences Managers,29
11-9121.01,Clinical Research Coordinators,45
11-9121.02,Water Resource Specialists,36
11-9131.00,Postmasters and Mail Superintendents,20
11-9141.00,"Property, Real Estate, and Community Association Managers",62
11-9151.00,Social and Community Service Managers,22
11-9161.00,Emergency Management Directors,24
11-9171.00,Funeral Home Managers,17
11-9179.01,Fitness and Wellness Coordinators,16
11-9179.02,Spa Managers,36
11-9199.01,Regulatory Affairs Managers,69
11-9199.02,Compliance Managers,78
11-9199.08,Loss Prevention Managers,24
11-9199.09,Wind Energy Operations Managers,24
11-9199.10,Wind Energy Development Managers,13
11-9199.11,Brownfield Redevelopment Specialists and Site Managers,31
13-1011.00,"Agents and Business Managers of Artists, Performers, and Athletes",25
13-1021.00,"Buyers and Purchasing Agents, Farm Products",23
13-1022.00,"Wholesale and Retail Buyers, Except Farm Products",56
13-1023.00,"Purchasing Agents, Except Wholesale, Retail, and Farm Products",58
13-1031.00,"Claims Adjusters, Examiners, and Investigators",73
13-1032.00,"Insurance Appraisers, Auto Damage",21
13-1041.00,Compliance Officers,17
13-1041.01,Environmental Compliance Inspectors,29
13-1041.03,Equal Opportunity Representatives and Officers,28
13-1041.04,Government Property Inspectors and Investigators,35
13-1041.06,Coroners,31
13-1041.07,Regulatory Affairs Specialists,34
13-1041.08,Customs Brokers,18
13-1051.00,Cost Estimators,65
13-1071.00,Human Resources Specialists,172
13-1074.00,Farm Labor Contractors,13
13-1075.00,Labor Relations Specialists,22
13-1081.00,Logisticians,29
13-1081.01,Logistics Engineers,50
13-1081.02,Logistics Analysts,53
13-1082.00,Project Management Specialists,91
13-1111.00,Management Analysts,216
13-1121.00,"Meeting, Convention, and Event Planners",47
13-1131.00,Fundraisers,27
13-1141.00,"Compensation, Benefits, and Job Analysis Specialists",96
13-1151.00,Training and Development Specialists,117
13-1161.00,Market Research Analysts and Marketing Specialists,150
13-1161.01,Search Marketing Strategists,66
13-1199.04,Business Continuity Planners,38
13-1199.05,Sustainability Specialists,39
13-1199.06,Online Merchants,76
13-1199.07,Security Management Specialists,54
13-2011.00,Accountants and Auditors,239
13-2022.00,Appraisers of Personal and Business Property,20
13-2023.00,Appraisers and Assessors of Real Estate,68
13-2031.00,Budget Analysts,61
13-2041.00,Credit Analysts,41
13-2051.00,Financial and Investment Analysts,181
13-2052.00,Personal Financial Advisors,102
13-2053.00,Insurance Underwriters,29
13-2054.00,Financial Risk Specialists,189
13-2061.00,Financial Examiners,30
13-2071.00,Credit Counselors,23
13-2072.00,Loan Officers,88
13-2081.00,"Tax Examiners and Collectors, and Revenue Agents",22
13-2082.00,Tax Preparers,42
13-2099.01,Financial Quantitative Analysts,36
13-2099.04,"Fraud Examiners, Investigators and Analysts",28
15-1211.00,Computer Systems Analysts,313
15-1211.01,Health Informatics Specialists,63
15-1212.00,Information Security Analysts,247
15-1221.00,Computer and Information Research Scientists,163
15-1231.00,Computer Network Support Specialists,145
15-1232.00,Computer User Support Specialists,264
15-1241.00,Computer Network Architects,283
15-1241.01,Telecommunications Engineering Specialists,54
15-1242.00,Database Administrators,288
15-1243.00,Database Architects,324
15-1243.01,Data Warehousing Specialists,159
15-1244.00,Network and Computer Systems Administrators,266
15-1251.00,Computer Programmers,294
15-1252.00,Software Developers,429
15-1253.00,Software Quality Assurance Analysts and Testers,428
15-1254.00,Web Developers,251
15-1255.00,Web and Digital Interface Designers,235
15-1255.01,Video Game Designers,57
15-1299.01,Web Administrators,118
15-1299.02,Geographic Information Systems Technologists and Technicians,128
15-1299.03,Document Management Specialists,106
15-1299.04,Penetration Testers,68
15-1299.05,Information Security Engineers,91
15-1299.06,Digital Forensics Analysts,65
15-1299.07,Blockchain Engineers,51
15-1299.08,Computer Systems Engineers/Architects,265
15-1299.09,Information Technology Project Managers,334
15-2011.00,Actuaries,45
15-2021.00,Mathematicians,93
15-2031.00,Operations Research Analysts,114
15-2041.00,Statisticians,70
15-2041.01,Biostatisticians,48
15-2051.00,Data Scientists,87
15-2051.01,Business Intelligence Analysts,202
15-2051.02,Clinical Data Managers,57
15-2099.01,Bioinformatics Technicians,50
17-1011.00,"Architects, Except Landscape and Naval",71
17-1012.00,Landscape Architects,28
17-1021.00,Cartographers and Photogrammetrists,74
17-1022.00,Surveyors,49
17-1022.01,Geodetic Surveyors,38
17-2011.00,Aerospace Engineers,85
17-2021.00,Agricultural Engineers,24
17-2031.00,Bioengineers and Biomedical Engineers,138
17-2041.00,Chemical Engineers,59
17-2051.00,Civil Engineers,74
17-2051.01,Transportation Engineers,32
17-2051.02,Water/Wastewater Engineers,51
17-2061.00,Computer Hardware Engineers,117
17-2071.00,Electrical Engineers,122
17-2072.00,"Electronics Engineers, Except Computer",52
17-2072.01,Radio Frequency Identification Device Specialists,52
17-2081.00,Environmental Engineers,55
17-2111.00,"Health and Safety Engineers, Except Mining Safety Engineers and Inspectors",74
17-2111.02,Fire-Prevention and Protection Engineers,49
17-2112.00,Industrial Engineers,104
17-2112.01,Human Factors Engineers and Ergonomists,64
17-2112.02,Validation Engineers,114
17-2112.03,Manufacturing Engineers,36
17-2121.00,Marine Engineers and Naval Architects,40
17-2131.00,Materials Engineers,38
17-2141.00,Mechanical Engineers,93
17-2141.01,Fuel Cell Engineers,30
17-2141.02,Automotive Engineers,88
17-2151.00,"Mining and Geological Engineers, Including Mining Safety Engineers",47
17-2161.00,Nuclear Engineers,43
17-2171.00,Petroleum Engineers,45
17-2199.03,"Energy Engineers, Except Wind and Solar",45
17-2199.05,Mechatronics Engineers,53
17-2199.06,Microsystems Engineers,90
17-2199.07,Photonics Engineers,52
17-2199.08,Robotics Engineers,68
17-2199.09,Nanosystems Engineers,51
17-2199.10,Wind Energy Engineers,65
17-2199.11,Solar Energy Systems Engineers,57
17-3011.00,Architectural and Civil Drafters,81
17-3012.00,Electrical and Electronics Drafters,77
17-3013.00,Mechanical Drafters,43
17-3021.00,Aerospace Engineering and Operations Technologists and Technicians,43
17-3022.00,Civil Engineering Technologists and Technicians,27
17-3023.00,Electrical and Electronic Engineering Technologists and Technicians,107
17-3024.00,Electro-Mechanical and Mechatronics Technologists and Technicians,43
17-3024.01,Robotics Technicians,55
17-3025.00,Environmental Engineering Technologists and Technicians,73
17-3026.00,Industrial Engineering Technologists and Technicians,111
17-3026.01,Nanotechnology Engineering Technologists and Technicians,11
17-3027.00,Mechanical Engineering Technologists and Technicians,46
17-3027.01,Automotive Engineering Technicians,13
17-3028.00,Calibration Technologists and Technicians,16
17-3029.01,Non-Destructive Testing Specialists,21
17-3029.08,Photonics Technicians,22
17-3031.00,Surveying and Mapping Technicians,105
19-1011.00,Animal Scientists,28
19-1012.00,Food Scientists and Technologists,23
19-1013.00,Soil and Plant Scientists,36
19-1021.00,Biochemists and Biophysicists,75
19-1022.00,Microbiologists,45
19-1023.00,Zoologists and Wildlife Biologists,28
19-1029.01,Bioinformatics Scientists,93
19-1029.02,Molecular and Cellular Biologists,44
19-1029.03,Geneticists,36
19-1029.04,Biologists,57
19-1031.00,Conservation Scientists,39
19-1031.02,Range Managers,54
19-1031.03,Park Naturalists,15
19-1032.00,Foresters,22
19-1041.00,Epidemiologists,44
19-1042.00,"Medical Scientists, Except Epidemiologists",40
19-2011.00,Astronomers,38
19-2012.00,Physicists,74
19-2021.00,Atmospheric and Space Scientists,63
19-2031.00,Chemists,74
19-2032.00,Materials Scientists,37
19-2041.00,"Environmental Scientists and Specialists, Including Health",63
19-2041.01,Climate Change Policy Analysts,25
19-2041.02,Environmental Restoration Planners,27
19-2041.03,Industrial Ecologists,46
19-2042.00,"Geoscientists, Except Hydrologists and Geographers",142
19-2043.00,Hydrologists,156
19-2099.01,Remote Sensing Scientists and Technologists,90
19-3011.00,Economists,52
19-3011.01,Environmental Economists,35
19-3022.00,Survey Researchers,100
19-3032.00,Industrial-Organizational Psychologists,29
19-3033.00,Clinical and Counseling Psychologists,58
19-3034.00,School Psychologists,30
19-3039.02,Neuropsychologists,23
19-3039.03,Clinical Neuropsychologists,22
19-3041.00,Sociologists,40
19-3051.00,Urban and Regional Planners,84
19-3091.00,Anthropologists and Archeologists,59
19-3092.00,Geographers,45
19-3093.00,Historians,47
19-3094.00,Political Scientists,40
19-3099.01,Transportation Planners,45
19-4012.00,Agricultural Technicians,15
19-4012.01,Precision Agriculture Technicians,23
19-4013.00,Food Science Technicians,24
19-4021.00,Biological Technicians,34
19-4031.00,Chemical Technicians,20
19-4042.00,"Environmental Science and Protection Technicians, Including Health",33
19-4043.00,"Geological Technicians, Except Hydrologic Technicians",36
19-4044.00,Hydrologic Technicians,21
19-4051.00,Nuclear Technicians,15
19-4051.02,Nuclear Monitoring Technicians,18
19-4061.00,Social Science Research Assistants,33
19-4071.00,Forest and Conservation Technicians,42
19-4092.00,Forensic Science Technicians,33
19-4099.01,Quality Control Analysts,52
19-4099.03,Remote Sensing Technicians,96
19-5011.00,Occupational Health and Safety Specialists,24
19-5012.00,Occupational Health and Safety Technicians,22
21-1011.00,Substance Abuse and Behavioral Disorder Counselors,31
21-1012.00,"Educational, Guidance, and Career Counselors and Advisors",78
21-1013.00,Marriage and Family Therapists,32
21-1014.00,Mental Health Counselors,23
21-1015.00,Rehabilitation Counselors,31
21-1021.00,"Child, Family, and School Social Workers",10
21-1022.00,Healthcare Social Workers,30
21-1023.00,Mental Health and Substance Abuse Social Workers,26
21-1091.00,Health Education Specialists,23
21-1092.00,Probation Officers and Correctional Treatment Specialists,19
21-1093.00,Social and Human Service Assistants,13
21-1094.00,Community Health Workers,14
21-2011.00,Clergy,12
21-2021.00,"Directors, Religious Activities and Education",19
23-1011.00,Lawyers,127
23-1012.00,Judicial Law Clerks,35
23-1021.00,"Administrative Law Judges, Adjudicators, and Hearing Officers",18
23-1022.00,"Arbitrators, Mediators, and Conciliators",14
23-1023.00,"Judges, Magistrate Judges, and Magistrates",17
23-2011.00,Paralegals and Legal Assistants,99
23-2093.00,"Title Examiners, Abstractors, and Searchers",27
25-1011.00,"Business Teachers, Postsecondary",32
25-1021.00,"Computer Science Teachers, Postsecondary",44
25-1022.00,"Mathematical Science Teachers, Postsecondary",27
25-1031.00,"Architecture Teachers, Postsecondary",38
25-1032.00,"Engineering Teachers, Postsecondary",33
25-1041.00,"Agricultural Sciences Teachers, Postsecondary",24
25-1042.00,"Biological Science Teachers, Postsecondary",39
25-1043.00,"Forestry and Conservation Science Teachers, Postsecondary",37
25-1051.00,"Atmospheric, Earth, Marine, and Space Sciences Teachers, Postsecondary",50
25-1052.00,"Chemistry Teachers, Postsecondary",28
25-1053.00,"Environmental Science Teachers, Postsecondary",25
25-1054.00,"Physics Teachers, Postsecondary",47
25-1061.00,"Anthropology and Archeology Teachers, Postsecondary",36
25-1062.00,"Area, Ethnic, and Cultural Studies Teachers, Postsecondary",24
25-1063.00,"Economics Teachers, Postsecondary",40
25-1064.00,"Geography Teachers, Postsecondary",41
25-1065.00,"Political Science Teachers, Postsecondary",29
25-1066.00,"Psychology Teachers, Postsecondary",46
25-1067.00,"Sociology Teachers, Postsecondary",29
25-1071.00,"Health Specialties Teachers, Postsecondary",35
25-1072.00,"Nursing Instructors and Teachers, Postsecondary",24
25-1081.00,"Education Teachers, Postsecondary",25
25-1082.00,"Library Science Teachers, Postsecondary",53
25-1111.00,"Criminal Justice and Law Enforcement Teachers, Postsecondary",22
25-1112.00,"Law Teachers, Postsecondary",32
25-1113.00,"Social Work Teachers, Postsecondary",20
25-1121.00,"Art, Drama, and Music Teachers, Postsecondary",54
25-1122.00,"Communications Teachers, Postsecondary",36
25-1123.00,"English Language and Literature Teachers, Postsecondary",31
25-1124.00,"Foreign Language and Literature Teachers, Postsecondary",29
25-1125.00,"History Teachers, Postsecondary",23
25-1126.00,"Philosophy and Religion Teachers, Postsecondary",24
25-1192.00,"Family and Consumer Sciences Teachers, Postsecondary",21
25-1193.00,"Recreation and Fitness Studies Teachers, Postsecondary",24
25-1194.00,"Career/Technical Education Teachers, Postsecondary",27
25-2011.00,"Preschool Teachers, Except Special Education",20
25-2012.00,"Kindergarten Teachers, Except Special Education",9
25-2021.00,"Elementary School Teachers, Except Special Education",30
25-2022.00,"Middle School Teachers, Except Special and Career/Technical Education",35
25-2023.00,"Career/Technical Education Teachers, Middle School",95
25-2031.00,"Secondary School Teachers, Except Special and Career/Technical Education",24
25-2032.00,"Career/Technical Education Teachers, Secondary School",23
25-2051.00,"Special Education Teachers, Preschool",13
25-2055.00,"Special Education Teachers, Kindergarten",22
25-2056.00,"Special Education Teachers, Elementary School",22
25-2057.00,"Special Education Teachers, Middle School",24
25-2058.00,"Special Education Teachers, Secondary School",21
25-2059.01,Adapted Physical Education Specialists,11
25-3011.00,"Adult Basic Education, Adult Secondary Education, and English as a Second Language Instructors",22
25-3021.00,Self-Enrichment Teachers,22
25-3031.00,"Substitute Teachers, Short-Term",14
25-3041.00,Tutors,24
25-4011.00,Archivists,32
25-4012.00,Curators,46
25-4013.00,Museum Technicians and Conservators,18
25-4022.00,Librarians and Media Collections Specialists,83
25-4031.00,Library Technicians,30
25-9021.00,Farm and Home Management Educators,17
25-9031.00,Instructional Coordinators,88
25-9042.00,"Teaching Assistants, Preschool, Elementary, Middle, and Secondary School, Except Special Education",30
25-9043.00,"Teaching Assistants, Special Education",31
25-9044.00,"Teaching Assistants, Postsecondary",22
27-1011.00,Art Directors,52
27-1012.00,Craft Artists,12
27-1013.00,"Fine Artists, Including Painters, Sculptors, and Illustrators",53
27-1014.00,Special Effects Artists and Animators,129
27-1021.00,Commercial and Industrial Designers,62
27-1022.00,Fashion Designers,29
27-1023.00,Floral Designers,13
27-1024.00,Graphic Designers,78
27-1025.00,Interior Designers,30
27-1026.00,Merchandise Displayers and Window Trimmers,28
27-1027.00,Set and Exhibit Designers,31
27-2011.00,Actors,20
27-2012.00,Producers and Directors,76
27-2012.03,Media Programming Directors,26
27-2012.04,Talent Directors,19
27-2012.05,Media Technical Directors/Managers,38
27-2021.00,Athletes and Sports Competitors,12
27-2022.00,Coaches and Scouts,39
27-2023.00,"Umpires, Referees, and Other Sports Officials",11
27-2031.00,Dancers,12
27-2032.00,Choreographers,14
27-2041.00,Music Directors and Composers,86
27-2042.00,Musicians and Singers,23
27-2091.00,"Disc Jockeys, Except Radio",6
27-3011.00,Broadcast Announcers and Radio Disc Jockeys,18
27-3023.00,"News Analysts, Reporters, and Journalists",41
27-3031.00,Public Relations Specialists,71
27-3041.00,Editors,57
27-3042.00,Technical Writers,71
27-3043.00,Writers and Authors,55
27-3043.05,"Poets, Lyricists and Creative Writers",35
27-3091.00,Interpreters and Translators,28
27-3092.00,Court Reporters and Simultaneous Captioners,27
27-4011.00,Audio and Video Technicians,25
27-4012.00,Broadcast Technicians,24
27-4014.00,Sound Engineering Technicians,33
27-4015.00,Lighting Technicians,12
27-4021.00,Photographers,35
27-4031.00,"Camera Operators, Television, Video, and Film",23
27-4032.00,Film and Video Editors,37
29-1011.00,Chiropractors,34
29-1021.00,"Dentists, General",42
29-1022.00,Oral and Maxillofacial Surgeons,11
29-1023.00,Orthodontists,27
29-1024.00,Prosthodontists,14
29-1031.00,Dietitians and Nutritionists,34
29-1041.00,Optometrists,27
29-1051.00,Pharmacists,23
29-1071.00,Physician Assistants,19
29-1071.01,Anesthesiologist Assistants,30
29-1081.00,Podiatrists,10
29-1122.00,Occupational Therapists,36
29-1122.01,"Low Vision Therapists, Orientation and Mobility Specialists, and Vision Rehabilitation Therapists",27
29-1123.00,Physical Therapists,20
29-1124.00,Radiation Therapists,20
29-1125.00,Recreational Therapists,14
29-1126.00,Respiratory Therapists,11
29-1127.00,Speech-Language Pathologists,27
29-1128.00,Exercise Physiologists,8
29-1129.01,Art Therapists,19
29-1129.02,Music Therapists,7
29-1131.00,Veterinarians,20
29-1141.00,Registered Nurses,43
29-1141.01,Acute Care Nurses,24
29-1141.02,Advanced Practice Psychiatric Nurses,29
29-1141.03,Critical Care Nurses,27
29-1141.04,Clinical Nurse Specialists,24
29-1151.00,Nurse Anesthetists,22
29-1161.00,Nurse Midwives,23
29-1171.00,Nurse Practitioners,30
29-1181.00,Audiologists,29
29-1211.00,Anesthesiologists,18
29-1212.00,Cardiologists,3
29-1213.00,Dermatologists,32
29-1214.00,Emergency Medicine Physicians,2
29-1215.00,Family Medicine Physicians,25
29-1216.00,General Internal Medicine Physicians,26
29-1217.00,Neurologists,29
29-1218.00,Obstetricians and Gynecologists,22
29-1221.00,"Pediatricians, General",20
29-1222.00,"Physicians, Pathologists",102
29-1223.00,Psychiatrists,31
29-1224.00,Radiologists,57
29-1229.01,Allergists and Immunologists,39
29-1229.02,Hospitalists,18
29-1229.03,Urologists,32
29-1229.04,Physical Medicine and Rehabilitation Physicians,26
29-1229.05,Preventive Medicine Physicians,29
29-1229.06,Sports Medicine Physicians,33
29-1241.00,"Ophthalmologists, Except Pediatric",27
29-1242.00,"Orthopedic Surgeons, Except Pediatric",12
29-1243.00,Pediatric Surgeons,12
29-1291.00,Acupuncturists,13
29-1292.00,Dental Hygienists,19
29-1299.01,Naturopathic Physicians,14
29-1299.02,Orthoptists,12
29-2011.00,Medical and Clinical Laboratory Technologists,26
29-2011.01,Cytogenetic Technologists,26
29-2011.02,Cytotechnologists,39
29-2011.04,Histotechnologists,12
29-2012.00,Medical and Clinical Laboratory Technicians,33
29-2012.01,Histology Technicians,12
29-2031.00,Cardiovascular Technologists and Technicians,19
29-2032.00,Diagnostic Medical Sonographers,11
29-2033.00,Nuclear Medicine Technologists,10
29-2034.00,Radiologic Technologists and Technicians,24
29-2035.00,Magnetic Resonance Imaging Technologists,12
29-2036.00,Medical Dosimetrists,4
29-2042.00,Emergency Medical Technicians,20
29-2043.00,Paramedics,24
29-2051.00,Dietetic Technicians,29
29-2052.00,Pharmacy Technicians,22
29-2053.00,Psychiatric Technicians,13
29-2055.00,Surgical Technologists,17
29-2056.00,Veterinary Technologists and Technicians,13
29-2057.00,Ophthalmic Medical Technicians,14
29-2061.00,Licensed Practical and Licensed Vocational Nurses,28
29-2072.00,Medical Records Specialists,111
29-2081.00,"Opticians, Dispensing",18
29-2091.00,Orthotists and Prosthetists,27
29-2092.00,Hearing Aid Specialists,7
29-2099.01,Neurodiagnostic Technologists,20
29-2099.05,Ophthalmic Medical Technologists,19
29-2099.08,Patient Representatives,40
29-9021.00,Health Information Technologists and Medical Registrars,111
29-9091.00,Athletic Trainers,17
29-9092.00,Genetic Counselors,25
29-9093.00,Surgical Assistants,11
29-9099.01,Midwives,13
31-1121.00,Home Health Aides,21
31-1122.00,Personal Care Aides,10
31-1131.00,Nursing Assistants,18
31-1132.00,Orderlies,7
31-1133.00,Psychiatric Aides,8
31-2011.00,Occupational Therapy Assistants,37
31-2012.00,Occupational Therapy Aides,11
31-2021.00,Physical Therapist Assistants,33
31-2022.00,Physical Therapist Aides,10
31-9011.00,Massage Therapists,10
31-9091.00,Dental Assistants,11
31-9092.00,Medical Assistants,34
31-9093.00,Medical Equipment Preparers,19
31-9094.00,Medical Transcriptionists,46
31-9095.00,Pharmacy Aides,9
31-9096.00,Veterinary Assistants and Laboratory Animal Caretakers,13
31-9097.00,Phlebotomists,14
31-9099.01,Speech-Language Pathology Assistants,19
31-9099.02,Endoscopy Technicians,8
33-1011.00,First-Line Supervisors of Correctional Officers,10
33-1012.00,First-Line Supervisors of Police and Detectives,24
33-1021.00,First-Line Supervisors of Firefighting and Prevention Workers,25
33-1091.00,First-Line Supervisors of Security Workers,11
33-2011.00,Firefighters,17
33-2021.00,Fire Inspectors and Investigators,13
33-2022.00,Forest Fire Inspectors and Prevention Specialists,28
33-3011.00,Bailiffs,18
33-3012.00,Correctional Officers and Jailers,14
33-3021.00,Detectives and Criminal Investigators,38
33-3021.02,Police Identification and Records Officers,26
33-3021.06,Intelligence Analysts,84
33-3031.00,Fish and Game Wardens,13
33-3041.00,Parking Enforcement Workers,14
33-3051.00,Police and Sheriff's Patrol Officers,28
33-3051.04,Customs and Border Protection Officers,12
33-3052.00,Transit and Railroad Police,14
33-9011.00,Animal Control Workers,22
33-9021.00,Private Detectives and Investigators,14
33-9031.00,Gambling Surveillance Officers and Gambling Investigators,8
33-9032.00,Security Guards,11
33-9091.00,Crossing Guards and Flaggers,3
33-9092.00,"Lifeguards, Ski Patrol, and Other Recreational Protective Service Workers",6
33-9093.00,Transportation Security Screeners,12
33-9094.00,School Bus Monitors,2
33-9099.02,Retail Loss Prevention Specialists,15
35-1011.00,Chefs and Head Cooks,25
35-1012.00,First-Line Supervisors of Food Preparation and Serving Workers,35
35-2011.00,"Cooks, Fast Food",8
35-2012.00,"Cooks, Institution and Cafeteria",9
35-2013.00,"Cooks, Private Household",10
35-2014.00,"Cooks, Restaurant",10
35-2015.00,"Cooks, Short Order",6
35-2021.00,Food Preparation Workers,15
35-3011.00,Bartenders,12
35-3023.00,Fast Food and Counter Workers,17
35-3023.01,Baristas,5
35-3031.00,Waiters and Waitresses,11
35-3041.00,"Food Servers, Nonrestaurant",8
35-9011.00,Dining Room and Cafeteria Attendants and Bartender Helpers,6
35-9021.00,Dishwashers,2
35-9031.00,"Hosts and Hostesses, Restaurant, Lounge, and Coffee Shop",11
37-1011.00,First-Line Supervisors of Housekeeping and Janitorial Workers,17
37-1012.00,"First-Line Supervisors of Landscaping, Lawn Service, and Groundskeeping Workers",9
37-2011.00,"Janitors and Cleaners, Except Maids and Housekeeping Cleaners",7
37-2012.00,Maids and Housekeeping Cleaners,9
37-2021.00,Pest Control Workers,12
37-3011.00,Landscaping and Groundskeeping Workers,6
37-3012.00,"Pesticide Handlers, Sprayers, and Applicators, Vegetation",10
37-3013.00,Tree Trimmers and Pruners,4
39-1013.00,First-Line Supervisors of Gambling Services Workers,9
39-1014.00,"First-Line Supervisors of Entertainment and Recreation Workers, Except Gambling Services",10
39-1022.00,First-Line Supervisors of Personal Service Workers,10
39-2011.00,Animal Trainers,17
39-2021.00,Animal Caretakers,17
39-3011.00,Gambling Dealers,6
39-3012.00,Gambling and Sports Book Writers and Runners,7
39-3021.00,Motion Picture Projectionists,12
39-3031.00,"Ushers, Lobby Attendants, and Ticket Takers",8
39-3091.00,Amusement and Recreation Attendants,10
39-3092.00,Costume Attendants,7
39-3093.00,"Locker Room, Coatroom, and Dressing Room Attendants",9
39-4011.00,Embalmers,10
39-4012.00,Crematory Operators,5
39-4021.00,Funeral Attendants,5
39-4031.00,"Morticians, Undertakers, and Funeral Arrangers",16
39-5011.00,Barbers,11
39-5012.00,"Hairdressers, Hairstylists, and Cosmetologists",10
39-5091.00,"Makeup Artists, Theatrical and Performance",21
39-5092.00,Manicurists and Pedicurists,9
39-5093.00,Shampooers,5
39-5094.00,Skincare Specialists,6
39-6011.00,Baggage Porters and Bellhops,5
39-6012.00,Concierges,13
39-7011.00,Tour Guides and Escorts,22
39-7012.00,Travel Guides,16
39-9011.00,Childcare Workers,10
39-9011.01,Nannies,5
39-9031.00,Exercise Trainers and Group Fitness Instructors,22
39-9032.00,Recreation Workers,18
39-9041.00,Residential Advisors,12
41-1011.00,First-Line Supervisors of Retail Sales Workers,110
41-1012.00,First-Line Supervisors of Non-Retail Sales Workers,29
41-2011.00,Cashiers,14
41-2012.00,Gambling Change Persons and Booth Cashiers,4
41-2021.00,Counter and Rental Clerks,10
41-2022.00,Parts Salespersons,13
41-2031.00,Retail Salespersons,79
41-3011.00,Advertising Sales Agents,24
41-3021.00,Insurance Sales Agents,67
41-3031.00,"Securities, Commodities, and Financial Services Sales Agents",73
41-3041.00,Travel Agents,30
41-3091.00,"Sales Representatives of Services, Except Advertising, Insurance, Financial Services, and Travel",14
41-4011.00,"Sales Representatives, Wholesale and Manufacturing, Technical and Scientific Products",67
41-4011.07,Solar Sales Representatives and Assessors,18
41-4012.00,"Sales Representatives, Wholesale and Manufacturing, Except Technical and Scientific Products",141
41-9011.00,Demonstrators and Product Promoters,15
41-9012.00,Models,13
41-9021.00,Real Estate Brokers,34
41-9022.00,Real Estate Sales Agents,98
41-9031.00,Sales Engineers,97
41-9041.00,Telemarketers,15
41-9091.00,"Door-to-Door Sales Workers, News and Street Vendors, and Related Workers",6
43-1011.00,First-Line Supervisors of Office and Administrative Support Workers,89
43-2011.00,"Switchboard Operators, Including Answering Service",11
43-2021.00,Telephone Operators,11
43-3011.00,Bill and Account Collectors,44
43-3021.00,Billing and Posting Clerks,59
43-3031.00,"Bookkeeping, Accounting, and Auditing Clerks",121
43-3041.00,Gambling Cage Workers,7
43-3051.00,Payroll and Timekeeping Clerks,67
43-3061.00,Procurement Clerks,23
43-3071.00,Tellers,19
43-4011.00,Brokerage Clerks,31
43-4021.00,Correspondence Clerks,17
43-4031.00,"Court, Municipal, and License Clerks",19
43-4041.00,"Credit Authorizers, Checkers, and Clerks",18
43-4051.00,Customer Service Representatives,113
43-4061.00,"Eligibility Interviewers, Government Programs",18
43-4071.00,File Clerks,15
43-4081.00,"Hotel, Motel, and Resort Desk Clerks",16
43-4111.00,"Interviewers, Except Eligibility and Loan",24
43-4121.00,"Library Assistants, Clerical",21
43-4131.00,Loan Interviewers and Clerks,21
43-4141.00,New Accounts Clerks,19
43-4151.00,Order Clerks,23
43-4161.00,"Human Resources Assistants, Except Payroll and Timekeeping",41
43-4171.00,Receptionists and Information Clerks,41
43-4181.00,Reservation and Transportation Ticket Agents and Travel Clerks,20
43-5011.00,Cargo and Freight Agents,19
43-5011.01,Freight Forwarders,25
43-5021.00,Couriers and Messengers,5
43-5031.00,Public Safety Telecommunicators,18
43-5032.00,"Dispatchers, Except Police, Fire, and Ambulance",35
43-5041.00,"Meter Readers, Utilities",14
43-5051.00,Postal Service Clerks,8
43-5052.00,Postal Service Mail Carriers,11
43-5053.00,"Postal Service Mail Sorters, Processors, and Processing Machine Operators",17
43-5061.00,"Production, Planning, and Expediting Clerks",94
43-5071.00,"Shipping, Receiving, and Inventory Clerks",52
43-5111.00,"Weighers, Measurers, Checkers, and Samplers, Recordkeeping",22
43-6011.00,Executive Secretaries and Executive Administrative Assistants,96
43-6012.00,Legal Secretaries and Administrative Assistants,47
43-6013.00,Medical Secretaries and Administrative Assistants,52
43-6014.00,"Secretaries and Administrative Assistants, Except Legal, Medical, and Executive",132
43-9021.00,Data Entry Keyers,26
43-9022.00,Word Processors and Typists,21
43-9031.00,Desktop Publishers,95
43-9041.00,Insurance Claims and Policy Processing Clerks,29
43-9051.00,"Mail Clerks and Mail Machine Operators, Except Postal Service",14
43-9061.00,"Office Clerks, General",61
43-9071.00,"Office Machine Operators, Except Computer",14
43-9081.00,Proofreaders and Copy Markers,38
43-9111.00,Statistical Assistants,46
45-1011.00,"First-Line Supervisors of Farming, Fishing, and Forestry Workers",24
45-2011.00,Agricultural Inspectors,10
45-2021.00,Animal Breeders,22
45-2041.00,"Graders and Sorters, Agricultural Products",8
45-2091.00,Agricultural Equipment Operators,6
45-2092.00,"Farmworkers and Laborers, Crop, Nursery, and Greenhouse",10
45-2093.00,"Farmworkers, Farm, Ranch, and Aquacultural Animals",9
45-3031.00,Fishing and Hunting Workers,13
45-4011.00,Forest and Conservation Workers,16
45-4021.00,Fallers,13
45-4022.00,Logging Equipment Operators,8
45-4023.00,Log Graders and Scalers,13
47-1011.00,First-Line Supervisors of Construction Trades and Extraction Workers,24
47-1011.03,Solar Energy Installation Managers,30
47-2011.00,Boilermakers,9
47-2021.00,Brickmasons and Blockmasons,10
47-2022.00,Stonemasons,13
47-2031.00,Carpenters,17
47-2041.00,Carpet Installers,15
47-2042.00,"Floor Layers, Except Carpet, Wood, and Hard Tiles",13
47-2043.00,Floor Sanders and Finishers,8
47-2044.00,Tile and Stone Setters,10
47-2051.00,Cement Masons and Concrete Finishers,10
47-2053.00,Terrazzo Workers and Finishers,8
47-2061.00,Construction Laborers,7
47-2071.00,"Paving, Surfacing, and Tamping Equipment Operators",11
47-2072.00,Pile Driver Operators,6
47-2073.00,Operating Engineers and Other Construction Equipment Operators,6
47-2081.00,Drywall and Ceiling Tile Installers,11
47-2082.00,Tapers,8
47-2111.00,Electricians,33
47-2121.00,Glaziers,7
47-2131.00,"Insulation Workers, Floor, Ceiling, and Wall",8
47-2132.00,"Insulation Workers, Mechanical",5
47-2141.00,"Painters, Construction and Maintenance",14
47-2142.00,Paperhangers,10
47-2151.00,Pipelayers,4
47-2152.00,"Plumbers, Pipefitters, and Steamfitters",45
47-2152.04,Solar Thermal Installers and Technicians,21
47-2161.00,Plasterers and Stucco Masons,19
47-2171.00,Reinforcing Iron and Rebar Workers,6
47-2181.00,Roofers,23
47-2211.00,Sheet Metal Workers,21
47-2221.00,Structural Iron and Steel Workers,6
47-2231.00,Solar Photovoltaic Installers,10
47-3011.00,"Helpers--Brickmasons, Blockmasons, Stonemasons, and Tile and Marble Setters",21
47-3012.00,Helpers--Carpenters,22
47-3013.00,Helpers--Electricians,5
47-3014.00,"Helpers--Painters, Paperhangers, Plasterers, and Stucco Masons",11
47-3015.00,"Helpers--Pipelayers, Plumbers, Pipefitters, and Steamfitters",3
47-3016.00,Helpers--Roofers,12
47-4011.00,Construction and Building Inspectors,33
47-4011.01,Energy Auditors,63
47-4021.00,Elevator and Escalator Installers and Repairers,8
47-4031.00,Fence Erectors,6
47-4041.00,Hazardous Materials Removal Workers,15
47-4051.00,Highway Maintenance Workers,9
47-4061.00,Rail-Track Laying and Maintenance Equipment Operators,4
47-4071.00,Septic Tank Servicers and Sewer Pipe Cleaners,7
47-4091.00,Segmental Pavers,11
47-4099.03,Weatherization Installers and Technicians,15
47-5011.00,"Derrick Operators, Oil and Gas",3
47-5012.00,"Rotary Drill Operators, Oil and Gas",12
47-5013.00,"Service Unit Operators, Oil and Gas",11
47-5022.00,"Excavating and Loading Machine and Dragline Operators, Surface Mining",12
47-5023.00,"Earth Drillers, Except Oil and Gas",4
47-5032.00,"Explosives Workers, Ordnance Handling Experts, and Blasters",11
47-5041.00,Continuous Mining Machine Operators,9
47-5043.00,"Roof Bolters, Mining",2
47-5044.00,"Loading and Moving Machine Operators, Underground Mining",9
47-5051.00,"Rock Splitters, Quarry",12
47-5071.00,"Roustabouts, Oil and Gas",20
47-5081.00,Helpers--Extraction Workers,6
49-1011.00,"First-Line Supervisors of Mechanics, Installers, and Repairers",40
49-2011.00,"Computer, Automated Teller, and Office Machine Repairers",44
49-2021.00,"Radio, Cellular, and Tower Equipment Installers and Repairers",15
49-2022.00,"Telecommunications Equipment Installers and Repairers, Except Line Installers",17
49-2091.00,Avionics Technicians,23
49-2092.00,"Electric Motor, Power Tool, and Related Repairers",12
49-2093.00,"Electrical and Electronics Installers and Repairers, Transportation Equipment",18
49-2094.00,"Electrical and Electronics Repairers, Commercial and Industrial Equipment",17
49-2095.00,"Electrical and Electronics Repairers, Powerhouse, Substation, and Relay",11
49-2096.00,"Electronic Equipment Installers and Repairers, Motor Vehicles",12
49-2097.00,Audiovisual Equipment Installers and Repairers,5
49-2098.00,Security and Fire Alarm Systems Installers,12
49-3011.00,Aircraft Mechanics and Service Technicians,26
49-3021.00,Automotive Body and Related Repairers,18
49-3022.00,Automotive Glass Installers and Repairers,5
49-3023.00,Automotive Service Technicians and Mechanics,35
49-3031.00,Bus and Truck Mechanics and Diesel Engine Specialists,18
49-3041.00,Farm Equipment Mechanics and Service Technicians,8
49-3042.00,"Mobile Heavy Equipment Mechanics, Except Engines",10
49-3043.00,Rail Car Repairers,13
49-3051.00,Motorboat Mechanics and Service Technicians,10
49-3052.00,Motorcycle Mechanics,11
49-3053.00,Outdoor Power Equipment and Other Small Engine Mechanics,9
49-3091.00,Bicycle Repairers,9
49-3092.00,Recreational Vehicle Service Technicians,9
49-3093.00,Tire Repairers and Changers,6
49-9011.00,Mechanical Door Repairers,9
49-9012.00,"Control and Valve Installers and Repairers, Except Mechanical Door",24
49-9021.00,"Heating, Air Conditioning, and Refrigeration Mechanics and Installers",30
49-9031.00,Home Appliance Repairers,12
49-9041.00,Industrial Machinery Mechanics,16
49-9043.00,"Maintenance Workers, Machinery",14
49-9044.00,Millwrights,8
49-9045.00,"Refractory Materials Repairers, Except Brickmasons",7
49-9051.00,Electrical Power-Line Installers and Repairers,13
49-9052.00,Telecommunications Line Installers and Repairers,15
49-9061.00,Camera and Photographic Equipment Repairers,6
49-9062.00,Medical Equipment Repairers,13
49-9063.00,Musical Instrument Repairers and Tuners,10
49-9064.00,Watch and Clock Repairers,11
49-9071.00,"Maintenance and Repair Workers, General",36
49-9081.00,Wind Turbine Service Technicians,17
49-9091.00,"Coin, Vending, and Amusement Machine Servicers and Repairers",7
49-9092.00,Commercial Divers,5
49-9094.00,Locksmiths and Safe Repairers,13
49-9095.00,Manufactured Building and Mobile Home Installers,3
49-9096.00,Riggers,5
49-9097.00,Signal and Track Switch Repairers,8
49-9098.00,"Helpers--Installation, Maintenance, and Repair Workers",15
49-9099.01,Geothermal Technicians,13
51-1011.00,First-Line Supervisors of Production and Operating Workers,57
51-2011.00,"Aircraft Structure, Surfaces, Rigging, and Systems Assemblers",10
51-2021.00,"Coil Winders, Tapers, and Finishers",3
51-2022.00,Electrical and Electronic Equipment Assemblers,11
51-2023.00,Electromechanical Equipment Assemblers,7
51-2031.00,Engine and Other Machine Assemblers,8
51-2041.00,Structural Metal Fabricators and Fitters,10
51-2051.00,Fiberglass Laminators and Fabricators,5
51-2061.00,Timing Device Assemblers and Adjusters,6
51-2092.00,Team Assemblers,11
51-3011.00,Bakers,23
51-3021.00,Butchers and Meat Cutters,6
51-3022.00,"Meat, Poultry, and Fish Cutters and Trimmers",4
51-3023.00,Slaughterers and Meat Packers,9
51-3091.00,"Food and Tobacco Roasting, Baking, and Drying Machine Operators and Tenders",2
51-3092.00,Food Batchmakers,3
51-3093.00,Food Cooking Machine Operators and Tenders,1
51-4021.00,"Extruding and Drawing Machine Setters, Operators, and Tenders, Metal and Plastic",8
51-4022.00,"Forging Machine Setters, Operators, and Tenders, Metal and Plastic",3
51-4023.00,"Rolling Machine Setters, Operators, and Tenders, Metal and Plastic",2
51-4031.00,"Cutting, Punching, and Press Machine Setters, Operators, and Tenders, Metal and Plastic",10
51-4032.00,"Drilling and Boring Machine Tool Setters, Operators, and Tenders, Metal and Plastic",6
51-4033.00,"Grinding, Lapping, Polishing, and Buffing Machine Tool Setters, Operators, and Tenders, Metal and Plastic",7
51-4034.00,"Lathe and Turning Machine Tool Setters, Operators, and Tenders, Metal and Plastic",5
51-4035.00,"Milling and Planing Machine Setters, Operators, and Tenders, Metal and Plastic",16
51-4041.00,Machinists,35
51-4051.00,Metal-Refining Furnace Operators and Tenders,5
51-4052.00,"Pourers and Casters, Metal",5
51-4061.00,"Model Makers, Metal and Plastic",5
51-4062.00,"Patternmakers, Metal and Plastic",6
51-4071.00,Foundry Mold and Coremakers,7
51-4072.00,"Molding, Coremaking, and Casting Machine Setters, Operators, and Tenders, Metal and Plastic",10
51-4081.00,"Multiple Machine Tool Setters, Operators, and Tenders, Metal and Plastic",11
51-4111.00,Tool and Die Makers,32
51-4121.00,"Welders, Cutters, Solderers, and Brazers",13
51-4122.00,"Welding, Soldering, and Brazing Machine Setters, Operators, and Tenders",13
51-4191.00,"Heat Treating Equipment Setters, Operators, and Tenders, Metal and Plastic",6
51-4192.00,"Layout Workers, Metal and Plastic",9
51-4193.00,"Plating Machine Setters, Operators, and Tenders, Metal and Plastic",7
51-4194.00,"Tool Grinders, Filers, and Sharpeners",6
51-5111.00,Prepress Technicians and Workers,27
51-5112.00,Printing Press Operators,29
51-5113.00,Print Binding and Finishing Workers,11
51-6011.00,Laundry and Dry-Cleaning Workers,11
51-6021.00,"Pressers, Textile, Garment, and Related Materials",3
51-6031.00,Sewing Machine Operators,6
51-6041.00,Shoe and Leather Workers and Repairers,5
51-6042.00,Shoe Machine Operators and Tenders,8
51-6051.00,"Sewers, Hand",11
51-6052.00,"Tailors, Dressmakers, and Custom Sewers",9
51-6061.00,Textile Bleaching and Dyeing Machine Operators and Tenders,8
51-6062.00,"Textile Cutting Machine Setters, Operators, and Tenders",8
51-6063.00,"Textile Knitting and Weaving Machine Setters, Operators, and Tenders",6
51-6064.00,"Textile Winding, Twisting, and Drawing Out Machine Setters, Operators, and Tenders",5
51-6091.00,"Extruding and Forming Machine Setters, Operators, and Tenders, Synthetic and Glass Fibers",9
51-6092.00,Fabric and Apparel Patternmakers,11
51-6093.00,Upholsterers,9
51-7011.00,Cabinetmakers and Bench Carpenters,7
51-7021.00,Furniture Finishers,5
51-7031.00,"Model Makers, Wood",6
51-7032.00,"Patternmakers, Wood",8
51-7041.00,"Sawing Machine Setters, Operators, and Tenders, Wood",7
51-7042.00,"Woodworking Machine Setters, Operators, and Tenders, Except Sawing",26
51-8011.00,Nuclear Power Reactor Operators,12
51-8012.00,Power Distributors and Dispatchers,29
51-8013.00,Power Plant Operators,27
51-8013.03,Biomass Plant Technicians,8
51-8013.04,Hydroelectric Plant Technicians,9
51-8021.00,Stationary Engineers and Boiler Operators,18
51-8031.00,Water and Wastewater Treatment Plant and System Operators,18
51-8091.00,Chemical Plant and System Operators,7
51-8092.00,Gas Plant Operators,12
51-8093.00,"Petroleum Pump System Operators, Refinery Operators, and Gaugers",7
51-8099.01,Biofuels Processing Technicians,12
51-9011.00,Chemical Equipment Operators and Tenders,8
51-9012.00,"Separating, Filtering, Clarifying, Precipitating, and Still Machine Setters, Operators, and Tenders",9
51-9021.00,"Crushing, Grinding, and Polishing Machine Setters, Operators, and Tenders",7
51-9022.00,"Grinding and Polishing Workers, Hand",2
51-9023.00,"Mixing and Blending Machine Setters, Operators, and Tenders",11
51-9031.00,"Cutters and Trimmers, Hand",3
51-9032.00,"Cutting and Slicing Machine Setters, Operators, and Tenders",4
51-9041.00,"Extruding, Forming, Pressing, and Compacting Machine Setters, Operators, and Tenders",8
51-9051.00,"Furnace, Kiln, Oven, Drier, and Kettle Operators and Tenders",4
51-9061.00,"Inspectors, Testers, Sorters, Samplers, and Weighers",42
51-9071.00,Jewelers and Precious Stone and Metal Workers,13
51-9071.06,Gem and Diamond Workers,7
51-9081.00,Dental Laboratory Technicians,29
51-9082.00,Medical Appliance Technicians,12
51-9083.00,Ophthalmic Laboratory Technicians,8
51-9111.00,Packaging and Filling Machine Operators and Tenders,11
51-9123.00,"Painting, Coating, and Decorating Workers",5
51-9124.00,"Coating, Painting, and Spraying Machine Setters, Operators, and Tenders",11
51-9141.00,Semiconductor Processing Technicians,11
51-9151.00,Photographic Process Workers and Processing Machine Operators,25
51-9161.00,Computer Numerically Controlled Tool Operators,61
51-9162.00,Computer Numerically Controlled Tool Programmers,81
51-9191.00,Adhesive Bonding Machine Operators and Tenders,6
51-9192.00,"Cleaning, Washing, and Metal Pickling Equipment Operators and Tenders",2
51-9193.00,Cooling and Freezing Equipment Operators and Tenders,5
51-9194.00,Etchers and Engravers,8
51-9195.00,"Molders, Shapers, and Casters, Except Metal and Plastic",10
51-9195.03,"Stone Cutters and Carvers, Manufacturing",6
51-9195.04,"Glass Blowers, Molders, Benders, and Finishers",4
51-9195.05,"Potters, Manufacturing",3
51-9196.00,"Paper Goods Machine Setters, Operators, and Tenders",10
51-9197.00,Tire Builders,11
51-9198.00,Helpers--Production Workers,12
53-1041.00,Aircraft Cargo Handling Supervisors,9
53-1042.00,"First-Line Supervisors of Helpers, Laborers, and Material Movers, Hand",17
53-1042.01,Recycling Coordinators,11
53-1043.00,First-Line Supervisors of Material-Moving Machine and Vehicle Operators,35
53-1044.00,First-Line Supervisors of Passenger Attendants,17
53-2011.00,"Airline Pilots, Copilots, and Flight Engineers",25
53-2012.00,Commercial Pilots,33
53-2021.00,Air Traffic Controllers,20
53-2022.00,Airfield Operations Specialists,24
53-2031.00,Flight Attendants,12
53-3011.00,"Ambulance Drivers and Attendants, Except Emergency Medical Technicians",8
53-3031.00,Driver/Sales Workers,11
53-3032.00,Heavy and Tractor-Trailer Truck Drivers,20
53-3033.00,Light Truck Drivers,14
53-3051.00,"Bus Drivers, School",3
53-3052.00,"Bus Drivers, Transit and Intercity",4
53-3053.00,Shuttle Drivers and Chauffeurs,18
53-3054.00,Taxi Drivers,15
53-4011.00,Locomotive Engineers,5
53-4013.00,"Rail Yard Engineers, Dinkey Operators, and Hostlers",8
53-4022.00,"Railroad Brake, Signal, and Switch Operators and Locomotive Firers",8
53-4031.00,Railroad Conductors and Yardmasters,14
53-4041.00,Subway and Streetcar Operators,2
53-5011.00,Sailors and Marine Oilers,12
53-5021.00,"Captains, Mates, and Pilots of Water Vessels",18
53-5022.00,Motorboat Operators,8
53-5031.00,Ship Engineers,22
53-6011.00,Bridge and Lock Tenders,9
53-6021.00,Parking Attendants,8
53-6031.00,Automotive and Watercraft Service Attendants,11
53-6032.00,Aircraft Service Attendants,12
53-6041.00,Traffic Technicians,29
53-6051.00,Transportation Inspectors,8
53-6051.01,Aviation Inspectors,17
53-6051.07,"Transportation Vehicle, Equipment and Systems Inspectors, Except Aviation",15
53-6061.00,Passenger Attendants,6
53-7011.00,Conveyor Operators and Tenders,7
53-7021.00,Crane and Tower Operators,6
53-7031.00,Dredge Operators,6
53-7041.00,Hoist and Winch Operators,2
53-7051.00,Industrial Truck and Tractor Operators,18
53-7061.00,Cleaners of Vehicles and Equipment,6
53-7062.00,"Laborers and Freight, Stock, and Material Movers, Hand",21
53-7062.04,Recycling and Reclamation Workers,4
53-7063.00,Machine Feeders and Offbearers,5
53-7064.00,"Packers and Packagers, Hand",7
53-7065.00,Stockers and Order Fillers,20
53-7071.00,Gas Compressor and Gas Pumping Station Operators,6
53-7072.00,"Pump Operators, Except Wellhead Pumpers",7
53-7073.00,Wellhead Pumpers,8
53-7081.00,Refuse and Recyclable Material Collectors,10
53-7121.00,"Tank Car, Truck, and Ship Loaders",7
